{
    "loss": 0.07462501525878906,
    "accuracy": 0.9716981053352356,
    "precision": 1.0,
    "recall": 0.6666666666666666,
    "f1_score": 0.8,
    "auc": 1.0
}